<?xml version="1.0" encoding="utf-8"?>
<p0:properties xmlns:p0="http://jadex.sourceforge.net/jadexconf" __ID="0">
	<p0:properties __ID="1">
		<type __ID="2">library_service</type>
	</p0:properties>
	<p0:properties __ID="3">
		<p0:properties __ID="4">
			<p0:property __ID="5" type="tree"><![CDATA[<?xml version="1.0" encoding="utf-8"?>
<p0:TreeProperties xmlns:p0="typeinfo:jadex.base.gui.filetree" __ID="0">
	<selectedNode>
		<p0:NodePath __ID="1" entry="0">
			<path>
				<p1:String__1 xmlns:p1="typeinfo:java.lang" __ID="2" __len="2">
					<entries>
						<p1:String __ID="3">tutorial</p1:String>
						<p1:String __ID="4">HelloAgent.class</p1:String>
					</entries>
				</p1:String__1>
			</path>
		</p0:NodePath>
	</selectedNode>
	<expandedNodes>
		<p0:NodePath__1 __ID="5" __len="2">
			<entries>
				<p0:NodePath __ID="6" entry="0">
					<path>
						<p1:String__1 xmlns:p1="typeinfo:java.lang" __ID="7" __len="0"></p1:String__1>
					</path>
				</p0:NodePath>
				<p0:NodePath __ID="8" entry="0">
					<path>
						<p1:String__1 xmlns:p1="typeinfo:java.lang" __ID="9" __len="1">
							<entries>
								<p1:String __ID="10">tutorial</p1:String>
							</entries>
						</p1:String__1>
					</path>
				</p0:NodePath>
			</entries>
		</p0:NodePath__1>
	</expandedNodes>
	<rootPathEntries>
		<p1:String__1 xmlns:p1="typeinfo:java.lang" __ID="11" __len="1">
			<entries>
				<p1:String __ID="12">target/classes</p1:String>
			</entries>
		</p1:String__1>
	</rootPathEntries>
</p0:TreeProperties>
]]></p0:property>
			<p0:properties __ID="6">
				<p0:property __ID="7" type="Component">true</p0:property>
				<p0:property __ID="8" type="Micro Agent">true</p0:property>
				<type __ID="9">mic</type>
			</p0:properties>
			<type __ID="10">mpanel</type>
		</p0:properties>
		<p0:properties __ID="11">
			<p0:property __ID="12" type="model">target/classes/tutorial/HelloAgent.class</p0:property>
			<p0:property __ID="13" type="ridurl">file:target/classes</p0:property>
			<p0:property __ID="14" type="globalrid"></p0:property>
			<p0:property __ID="15" type="startsuspended">false</p0:property>
			<p0:property __ID="16" type="autogenerate">false</p0:property>
			<p0:property __ID="17" type="number">1</p0:property>
			<p0:property __ID="18" type="name">Hello</p0:property>
			<type __ID="19">spanel</type>
		</p0:properties>
		<type __ID="20">StarterServicePanel</type>
	</p0:properties>
	<p0:properties __ID="21">
		<p0:property __ID="22" type="type">system</p0:property>
		<p0:property __ID="23" type="delta">100</p0:property>
		<p0:property __ID="24" type="dilation">1.0</p0:property>
		<type __ID="25">clockservice</type>
	</p0:properties>
	<p0:properties __ID="26">
		<p0:property __ID="27" type="executing">true</p0:property>
		<type __ID="28">simulationservice</type>
	</p0:properties>
	<p0:properties __ID="34">
		<p0:property __ID="35" type="fast">true</p0:property>
		<p0:property __ID="36" type="autocreate">true</p0:property>
		<p0:property __ID="37" type="autodelete">true</p0:property>
		<type __ID="38">awa</type>
	</p0:properties>
</p0:properties>
